{
  "name": "screenshare-ai-app",
  "version": "1.0.0",
  "description": "Secure screen sharing app with AI assistant",
  "main": "dist/index.js",
  "type": "module",
  "scripts": {
    "dev": "NODE_ENV=development tsx server/index.ts",
    "build": "npm run build:client && npm run build:server",
    "build:client": "vite build",
    "build:server": "esbuild server/index.ts --platform=node --packages=external --bundle --format=esm --outdir=dist",
    "start": "NODE_ENV=production node dist/index.js",
    "check": "tsc",
    "db:push": "drizzle-kit push"
  },
  "dependencies": {
    "@hookform/resolvers": "^3.9.1",
    "@jridgewell/trace-mapping": "^0.3.25",
    "@neondatabase/serverless": "^0.10.7",
    "@radix-ui/react-accordion": "^1.2.2",
    "@radix-ui/react-alert-dialog": "^1.1.4",
    "@radix-ui/react-aspect-ratio": "^1.1.2",
    "@radix-ui/react-avatar": "^1.1.2",
    "@radix-ui/react-checkbox": "^1.1.4",
    "@radix-ui/react-collapsible": "^1.1.2",
    "@radix-ui/react-context-menu": "^2.2.4",
    "@radix-ui/react-dialog": "^1.1.4",
    "@radix-ui/react-dropdown-menu": "^2.1.4",
    "@radix-ui/react-hover-card": "^1.1.4",
    "@radix-ui/react-label": "^2.1.2",
    "@radix-ui/react-menubar": "^1.1.4",
    "@radix-ui/react-navigation-menu": "^1.2.2",
    "@radix-ui/react-popover": "^1.1.4",
    "@radix-ui/react-progress": "^1.1.2",
    "@radix-ui/react-radio-group": "^1.2.2",
    "@radix-ui/react-scroll-area": "^1.2.2",
    "@radix-ui/react-select": "^2.1.4",
    "@radix-ui/react-separator": "^1.1.2",
    "@radix-ui/react-slider": "^1.2.2",
    "@radix-ui/react-slot": "^1.1.2",
    "@radix-ui/react-switch": "^1.1.2",
    "@radix-ui/react-tabs": "^1.1.2",
    "@radix-ui/react-toast": "^1.2.4",
    "@radix-ui/react-toggle": "^1.1.2",
    "@radix-ui/react-toggle-group": "^1.1.2",
    "@radix-ui/react-tooltip": "^1.1.7",
    "@tanstack/react-query": "^5.62.12",
    "class-variance-authority": "^0.7.1",
    "clsx": "^2.1.1",
    "cmdk": "^1.0.4",
    "connect-pg-simple": "^10.0.0",
    "date-fns": "^4.1.0",
    "drizzle-orm": "^0.36.4",
    "drizzle-zod": "^0.5.1",
    "embla-carousel-react": "^8.5.1",
    "express": "^4.21.2",
    "express-session": "^1.18.1",
    "framer-motion": "^12.0.0",
    "input-otp": "^1.4.1",
    "lucide-react": "^0.468.0",
    "memorystore": "^1.6.7",
    "next-themes": "^0.4.4",
    "openai": "^4.76.1",
    "passport": "^0.7.0",
    "passport-local": "^1.0.0",
    "react": "^18.3.1",
    "react-day-picker": "^9.4.2",
    "react-dom": "^18.3.1",
    "react-hook-form": "^7.54.2",
    "react-icons": "^5.4.0",
    "react-resizable-panels": "^2.1.9",
    "recharts": "^2.13.3",
    "tailwind-merge": "^2.5.6",
    "tailwindcss-animate": "^1.0.7",
    "vaul": "^1.1.2",
    "wouter": "^3.3.7",
    "ws": "^8.19.0",
    "zod": "^3.24.1",
    "zod-validation-error": "^3.4.0"
  },
  "devDependencies": {
    "@tailwindcss/typography": "^0.5.15",
    "@tailwindcss/vite": "^4.0.0-alpha.36",
    "@types/connect-pg-simple": "^7.0.3",
    "@types/express": "^5.0.0",
    "@types/express-session": "^1.18.0",
    "@types/node": "^22.10.2",
    "@types/passport": "^1.0.16",
    "@types/passport-local": "^1.0.38",
    "@types/react": "^18.3.17",
    "@types/react-dom": "^18.3.5",
    "@types/ws": "^8.5.13",
    "@vitejs/plugin-react": "^4.3.4",
    "autoprefixer": "^10.4.20",
    "drizzle-kit": "^0.30.1",
    "esbuild": "^0.24.2",
    "postcss": "^8.5.1",
    "tailwindcss": "^3.4.17",
    "tsx": "^4.19.2",
    "typescript": "^5.7.2",
    "vite": "^5.4.14"
  },
  "engines": {
    "node": ">=18.0.0"
  }
}